business_name,address,zip_code
MILKY WAY DAIRY & VEG. RESTAURANT,"2120 MURRAY AVE, Pittsburgh, PA 15217",15217
BURGER-KING,"2900 BROWNSVILLE RD, Pittsburgh, PA 15227",15227
SWEET TIME CAFE & GENERAL STORE,"501 E OHIO ST, Pittsburgh, PA 15212",15212
GAETANO'S RESTAURANT,"1601 BANKSVILLE RD, Pittsburgh, PA 15216",15216
ANN'S MARKET #2,"2316 WEBSTER AVE, Pittsburgh, PA 15219",15219
FIORIS PIZZARIA,"103 CAPITAL AVE, Pittsburgh, PA 15226",15226
CONICELLA'S PIZZA,"422 GREENFIELD AVE, Pittsburgh, PA 15207",15207
SOUTHSIDE STEAKS RESTAURANT,"2000 E CARSON ST, Pittsburgh, PA 15203",15203
PIZZA CARE LLC,"1525 5TH AVE, Pittsburgh, PA 15219",15219
SUNOCO PARTNERS MARKETING & TERM LP,"5733 BUTLER ST, Pittsburgh, PA 15201",15201
PITALAND,"620 BROOKLINE BLVD, Pittsburgh, PA 15226",15226
BARBARA GROSSMAN,"171 10TH ST #2, Pittsburgh, PA 15222",15222
PIZZA PERFECTA,"5987 ALDER ST, Pittsburgh, PA 15232",15232
CONLEY'S BAR INC,"5245 BUTLER ST, Pittsburgh, PA 15201",15201
BURGER AGENCY INC,"752 BROWNSVILLE RD, Pittsburgh, PA 15210",15210
ISLAND HOSPITALITY MGMT (HYATT),"260 NORTH SHORE DR, Pittsburgh, PA 15212",15212
DBA SLICK'S CAPITAL BAR AND GRILL,"101 CAPITAL AVE, Pittsburgh, PA 15226",15226
SMALLMAN STREET DELI,"1916 MURRAY AVE, Pittsburgh, PA 15217",15217
MAD MEX RESTAURANT/BIG BURRITO RESTAURANT GROUP,"370 ATWOOD ST, Pittsburgh, PA 15213",15213
SOBA/NUNCA INC RESTAURANT,"5847 ELLSWORTH AVE, Pittsburgh, PA 15232",15232
CUPKA'S CAFE I,"48 S 27TH ST, Pittsburgh, PA 15203",15203
CHIEFS CAFE,"301 S CRAIG ST, Pittsburgh, PA 15213",15213
SAL'S PIZZA,"1322 E CARSON ST, Pittsburgh, PA 15203",15203
BARNES & NOBLE BOOK STORE #2898,"910 FREEPORT RD, Pittsburgh, PA 15238",15238
PEOPLES GROCERY,"5138 PENN AVE, Pittsburgh, PA 15224",15224
FRANK'S PIZZA CHICKEN RESTAURANT,"1442 LOWRIE ST, Pittsburgh, PA 15212",15212
BIG SAMS MEMPHIS BBQ,"1204 FEDERAL ST, Pittsburgh, PA 15212",15212
BIG DOG COFFEE LLC,"2717 SARAH ST, Pittsburgh, PA 15203",15203
CAFE SAM,"5242 BAUM BLVD, Pittsburgh, PA 15224",15224
SPAK BROTHERS PIZZA,"5107 PENN AVE, Pittsburgh, PA 15224",15224
BROOKS HOSPITALITY LLC,"808 LIBERTY AVE, Pittsburgh, PA 15222",15222
PENN ANIMAL HOSPITAL,"2205 PENN AVE, Pittsburgh, PA 15222",15222
HILL CITY  GRILLE,"2222 WEBSTER AVE, Pittsburgh, PA 15219",15219
BURGER KING 4192,"1820 E CARSON ST, Pittsburgh, PA 15203",15203
DALE'S BAR AND GRILL,"4377 MURRAY AVE, Pittsburgh, PA 15217",15217
MUYA INTERNATIONAL MARKET INC,"1300 FEDERAL ST, Pittsburgh, PA 15212",15212
MEYER JABARA HOTELS,"1320 CENTRE AVE, Pittsburgh, PA 15219",15219
CUPKA'S CAFE II,"2314 E CARSON ST, Pittsburgh, PA 15203",15203
MAGEE WOMENS HOSPITAL,"300 HALKET ST, Pittsburgh, PA 15213",15213
JR'S BAR,"518 E OHIO ST, Pittsburgh, PA 15212",15212
RYAN'S PUB & GRILL INC,"607 S BRADDOCK AVE, Pittsburgh, PA 15221",15221
MAGEE WOMENS HOSPITAL,"300 HALKET ST, Pittsburgh, PA 15213",15213
DIANOIAS EATERY,"2549 PENN AVE, Pittsburgh, PA 15222",15222
"CAMPUS BOOKSTORE, INC.","3610 5TH AVE, Pittsburgh, PA 15213",15213
"BARGAIN AUTO MART, INC.","4501 BUTLER ST, Pittsburgh, PA 15201",15201
VILLA REALE RESTAURANT PIZZERIA,"628 SMITHFIELD ST, Pittsburgh, PA 15222",15222
LITTLE TOKYO BISTRO,"2122 E CARSON ST, Pittsburgh, PA 15203",15203
BLUE LINE GRILLE,"1014 5TH AVE, Pittsburgh, PA 15219",15219
APOLLO CAFE,"429 FORBES AVE, Pittsburgh, PA 15219",15219
STAGNO'S BAKERY INC,"233 AUBURN ST, Pittsburgh, PA 15206",15206
S & R MARKET LLC,"4915 2ND AVE, Pittsburgh, PA 15207",15207
EVERGREEN CAFE,"7328 PENN AVE, Pittsburgh, PA 15208",15208
PIZZA MILANO ,"1304 5TH AVE, Pittsburgh, PA 15219",15219
ANTONIO LOMBARDOZZI,"4802 LIBERTY AVE, Pittsburgh, PA 15224",15224
OTB BICYCLE CAFE,"2518 E CARSON ST, Pittsburgh, PA 15203",15203
RAEANNA EAST INC DBA ALADDIN'S EATERY,"979 FREEPORT RD, Pittsburgh, PA 15238",15238
MITCHELLS RESTAURANT,"4634 CENTRE AVE, Pittsburgh, PA 15213",15213
IN THE KITCHEN,"1723 PENN AVE, Pittsburgh, PA 15222",15222
DOMINICS PIZZA,"115 FEDERAL ST, Pittsburgh, PA 15212",15212
CAMBODIAN KITCHEN,"1701 E CARSON ST, Pittsburgh, PA 15203",15203
JFB HOSPITALITY INC,"1401 E CARSON ST, Pittsburgh, PA 15203",15203
WHOLE FOODS MARKET,"5880 CENTRE AVE, Pittsburgh, PA 15206",15206
WALNUT GROVE RESTAURANT & BAR,"911 FREEPORT RD, Pittsburgh, PA 15238",15238
ABES MARKET,"1846 CENTRE AVE, Pittsburgh, PA 15219",15219
KENS GROCERY STORE,"216 BELTZHOOVER AVE, Pittsburgh, PA 15210",15210
SALS BARBER SHOP,"712 BROOKLINE BLVD, Pittsburgh, PA 15226",15226
KAYA RESTAURANT/WHOLE ENCHILADA,"2010 SMALLMAN ST, Pittsburgh, PA 15222",15222
SUBWAY RESTAURANT,"4017 BUTLER ST, Pittsburgh, PA 15201",15201
MOONLITE CAFE INC,"534 BROOKLINE BLVD, Pittsburgh, PA 15226",15226
GRAVEYARD BAR-GRILL,"4700 PENN AVE, Pittsburgh, PA 15224",15224
MINEO PIZZA HOUSE,"2128 MURRAY AVE, Pittsburgh, PA 15217",15217
MEDITERRANEAN MARKET,"2022 WRIGHTS Way, Pittsburgh, PA 15203",15203
CABARET THEATER,"649 PENN AVE, Pittsburgh, PA 15222",15222
JAPANESE STEAKHOUSE & SEAFOOD,"4734 LIBERTY AVE, Pittsburgh, PA 15224",15224
WALNUT CAPITAL,"4801 CENTRE AVE, Pittsburgh, PA 15213",15213
JENNA LOGAN INC DBA CORNER CAFE,"2502 S 18TH ST, Pittsburgh, PA 15210",15210
EVERYDAY NOODLES INC,"5875 FORBES AVE, Pittsburgh, PA 15217",15217
CAFE MILANO,"134 6TH ST, Pittsburgh, PA 15222",15222
KHALIL'S RESTAURANT,"4759 BAUM BLVD, Pittsburgh, PA 15213",15213
THE COMMONPLACE COFFEEHOUSE INC,"5823 FORBES AVE, Pittsburgh, PA 15217",15217
MAGEE-WOMENS HOSPITAL,"204 CRAFT AVE, Pittsburgh, PA 15213",15213
MARKET ON BROADWAY/IGA,"1616 BROADWAY AVE, Pittsburgh, PA 15216",15216
PIZZA PALERMO,"5440 CENTRE AVE, Pittsburgh, PA 15232",15232
SAMMY'S PIZZA,"2145 NOBLESTOWN RD, Pittsburgh, PA 15205",15205
GARY'S RESTAURANT,"2605 BROWNSVILLE RD, Pittsburgh, PA 15227",15227
DOUBLE WIDE GRILL,"2339 E CARSON ST, Pittsburgh, PA 15203",15203
SCHWARTZ SANITARY SUPERMARKET,"1317 E CARSON ST, Pittsburgh, PA 15203",15203
QDOBA MEXICAN GRILLE,"2729 E CARSON ST, Pittsburgh, PA 15203",15203
PLEASURE BAR,"241 CEDARVILLE ST, Pittsburgh, PA 15224",15224
THE PLEASURE BAR AND ITALIAN RESTAURANT,"241 CEDARVILLE ST, Pittsburgh, PA 15224",15224
"LANDRY'S RESTAURANTS, LICENSING DEPT","100 W STATION SQUARE DR, Pittsburgh, PA 15219",15219
HOULIHAN'S RESTAURANTS INC.,"125 W STATION SQUARE DR, Pittsburgh, PA 15219",15219
CHIPOLTLE MEXICAN GRILL,"4800 BAUM BLVD, Pittsburgh, PA 15213",15213
EAT N PARK HOSPITALITY,"1330 BANKSVILLE RD, Pittsburgh, PA 15216",15216
W-N GROCERY,"1018 W NORTH AVE, Pittsburgh, PA 15233",15233
PANERA BREAD #3508,"5430 CENTRE AVE, Pittsburgh, PA 15232",15232
"MORNINGSIDE MARKET, LOTTERY, CARD","1748 CHISLETT ST, Pittsburgh, PA 15206",15206
BAKERY SQUARE 2 LIVING HOLDINGS PARCEL ALP,"6526 LIVING PL, Pittsburgh, PA 15206",15206
MOES SOUTHWEST GRILL,"210 FORBES AVE, Pittsburgh, PA 15222",15222
MINEO'S PIZZA,"2350 NOBLESTOWN RD, Pittsburgh, PA 15205",15205
BETO'S RESTAURANT (PIZZA),"1473 BANKSVILLE RD, Pittsburgh, PA 15216",15216
RUTH'S CHRIS STEAK HOUSE,"4 PPG PL, Pittsburgh, PA 15222",15222
DIFIORE'S ICE CREAM DELITE,"122 SHILOH ST, Pittsburgh, PA 15211",15211
VERDETTO'S BAR & RESTAURANT LLC,"814 MADISON AVE, Pittsburgh, PA 15212",15212
52ND STREET MARKET LLC,"601 52ND ST, Pittsburgh, PA 15201",15201
Central Teamsters Local Union 249,"4701 BUTLER ST, Pittsburgh, PA 15201",15201
SAVOY URBAN BISTRO & LOUNGE,"2623 PENN AVE, Pittsburgh, PA 15222",15222
SONOMA GRILLE INC,"947 PENN AVE, Pittsburgh, PA 15222",15222
NORTH SHORE DELI,"539 E OHIO ST, Pittsburgh, PA 15212",15212
JR'S BAR,"520 E OHIO ST, Pittsburgh, PA 15212",15212
ISLAND HOSPITALITY MANAGEMENT III INC,"260 NORTH SHORE DR, Pittsburgh, PA 15212",15212
RIGGS RESTAURANT & LOUNGE,"1206 BRIGHTON RD, Pittsburgh, PA 15233",15233
BANGAL KABAB HOUSE & RESTAURANT,"320 YORK Way, Pittsburgh, PA 15213",15213
GREENFIELD VET HOSPITAL,"611 GREENFIELD AVE, Pittsburgh, PA 15207",15207
SATALIO'S INC RESTAURANT,"27 BAILEY AVE, Pittsburgh, PA 15211",15211
BARTLETT PRODUCTS LLC,"5130 PENN AVE, Pittsburgh, PA 15224",15224
IBIZA TAPAS & WINE BAR,"2228 E CARSON ST, Pittsburgh, PA 15203",15203
"Hard Rock Cafe International (STP), Inc.","230 W STATION SQUARE DR, Pittsburgh, PA 15219",15219
CAFE CRAVINGS,"447 SULGRAVE RD, Pittsburgh, PA 15211",15211
FU LAI CHINESE RESTAURANT,"529 PENN AVE, Pittsburgh, PA 15222",15222
BROWN BAG DELI,"112 WASHINGTON PL, Pittsburgh, PA 15219",15219
EDDIE'S PIZZA HAUS,"1740 CHISLETT ST, Pittsburgh, PA 15206",15206
BIG JIM'S RESTAURANT,"201 SALINE ST, Pittsburgh, PA 15207",15207
BAKERY SQUARE,"114 BAKERY SQUARE BLVD, Pittsburgh, PA 15206",15206
CELLONE BAKERY INC,"663 NAPOR BLVD, Pittsburgh, PA 15205",15205
TOM FRIDAY'S MARKET,"3639 CALIFORNIA AVE, Pittsburgh, PA 15212",15212
APPLE NINE HOSPITALITY MANAGEMENT INC,"3315 HAMLET ST, Pittsburgh, PA 15213",15213
ALLADIN'S EATERY,"5878 FORBES AVE, Pittsburgh, PA 15217",15217
FOX'S PIZZA DEN,"6 BAILEY AVE, Pittsburgh, PA 15211",15211
"BISTRO TO GO, LLC","417 E OHIO ST, Pittsburgh, PA 15212",15212
ARMAND'S BAR & LOUNGE,"4755 LIBERTY AVE, Pittsburgh, PA 15224",15224
LINDOS RESTAURANT,"947 WESTERN AVE, Pittsburgh, PA 15233",15233
THE MODERN CAFE INC,"910 GALVESTON AVE, Pittsburgh, PA 15233",15233
QDOBA MEXICAN GRILL,"2729 E CARSON ST, Pittsburgh, PA 15203",15203
THAI PLACE RESTAURANT,"1030 FREEPORT RD, Pittsburgh, PA 15238",15238
SCHWARTZ SANITARY SUPER MARKET,"1313 BINGHAM ST, Pittsburgh, PA 15203",15203
PRANTL'S BAKERY,"5525 WALNUT ST, Pittsburgh, PA 15232",15232
PRANTL'S BAKERY,"440 MARKET ST, Pittsburgh, PA 15222",15222
BUSINESS LICENSES - TRADER JOE'S #638,"6343 PENN AVE, Pittsburgh, PA 15206",15206
SQUIRREL HILL CAFE,"5802 FORBES AVE, Pittsburgh, PA 15217",15217
BARGAIN AUTO MART,"4501 BUTLER ST, Pittsburgh, PA 15201",15201
VOCELLI PIZZA/GREENFIELD,"4233 MURRAY AVE, Pittsburgh, PA 15217",15217
JAMES BARRY,"608 E WARRINGTON AVE, Pittsburgh, PA 15210",15210
RYAN'S PUB AND GRILL RESTAURANT,"607 S BRADDOCK AVE, Pittsburgh, PA 15221",15221
BLINKY'S NOBLE GRILL & BAR,"2350 NOBLESTOWN RD, Pittsburgh, PA 15205",15205
ORANGE CAFE,"4808 BAUM BLVD, Pittsburgh, PA 15213",15213
PICKLES PIZZA & SANDWICH EMPORIUM,"424 E OHIO ST, Pittsburgh, PA 15212",15212
BARBARA SCHELLHAAS,"707 EAST ST, Pittsburgh, PA 15212",15212
ANTHON'S BAKERY AND DELI RESTAURANT,"6007 PENN AVE, Pittsburgh, PA 15206",15206
DOMINIC'S PIZZA,"115 FEDERAL ST, Pittsburgh, PA 15212",15212
BURGER KING,"1820 E CARSON ST, Pittsburgh, PA 15203",15203
ENRICO'S TAZZA D'ORO CAFE,"1127 N HIGHLAND AVE, Pittsburgh, PA 15206",15206
CHILDREN'S HOSPITAL OF PITTSBURGH,"450 45TH ST, Pittsburgh, PA 15201",15201
THE BEER MARKET,"116 FEDERAL ST, Pittsburgh, PA 15212",15212
LAGONDOLA PIZZERIA & RESTAURANT,"4 MARKET SQ, Pittsburgh, PA 15222",15222
SZECHUAN EXPRESS CHINESE RESTAURANT,"125 OAKLAND AVE, Pittsburgh, PA 15213",15213
EAT N PARK HOSPITALITY,"1922 E CARSON ST, Pittsburgh, PA 15203",15203
EAT N PARK HOSPITALITY,"1816 MURRAY AVE, Pittsburgh, PA 15217",15217
EAT N PARK HOSPITALITY,"849 FREEPORT RD, Pittsburgh, PA 15238",15238
WHOLE FOOD MARKET,"5880 CENTRE AVE, Pittsburgh, PA 15206",15206
LEMONT RESTAURANT,"1114 GRANDVIEW AVE, Pittsburgh, PA 15211",15211
THUNDERBIRD CAFE,"4024 EDEN Way, Pittsburgh, PA 15201",15201
MITCHELL'S RESTAURANT,"304 ROSS ST, Pittsburgh, PA 15219",15219
NICHOLAS COFFEE CO,"22 MARKET SQ, Pittsburgh, PA 15222",15222
"HIAWATHA'S GRILL INC, HOTEL TERRACE HALL","2335 CENTRE AVE, Pittsburgh, PA 15219",15219
DUNKIN DONUTS,"5889 FORBES AVE, Pittsburgh, PA 15217",15217
PADDYCAKE BAKERY,"4763 LIBERTY AVE, Pittsburgh, PA 15224",15224
CAT CLINIC AND HOSPITAL,"5170 LIBERTY AVE, Pittsburgh, PA 15224",15224
GRAYBAR ELECTRIC CO,"900 RIDGE AVE, Pittsburgh, PA 15212",15212
KOREAN GARDEN RESTAURANT,"414 SEMPLE ST, Pittsburgh, PA 15213",15213
LE BREW HOUSE RESTAURANT & TAVERN,"2512 E CARSON ST, Pittsburgh, PA 15203",15203
DEE'S CAFE,"1314 E CARSON ST, Pittsburgh, PA 15203",15203
BAKERY SQUARE HOLDINGS LP,"6425 PENN AVE, Pittsburgh, PA 15206",15206
SHILOH STREET GRILL,"123 SHILOH ST, Pittsburgh, PA 15211",15211
CHIPOTLE MEXICAN GRILL OF COLORADO,"4800 BAUM BLVD, Pittsburgh, PA 15213",15213
BURGER KING,"1820 E CARSON ST, Pittsburgh, PA 15203",15203
BURGER KING 4192,"1820 E CARSON ST, Pittsburgh, PA 15203",15203
MINEO'S PIZZA,"2350 NOBLESTOWN RD, Pittsburgh, PA 15205",15205
SPECTACOR MANAGEMENT GROUP,"3719 TERRACE ST, Pittsburgh, PA 15213",15213
SPECTACOR MANAGEMENT GROUP,"3719 TERRACE ST, Pittsburgh, PA 15213",15213
SPECTACOR MANAGEMENT GROUP,"3719 TERRACE ST, Pittsburgh, PA 15213",15213
SPECTACOR MANAGEMENT GROUP,"3719 TERRACE ST, Pittsburgh, PA 15213",15213
SPECTACOR MANAGEMENT GROUP,"3719 TERRACE ST, Pittsburgh, PA 15213",15213
Pitaland Express,"620 BROOKLINE BLVD, Pittsburgh, PA 15226",15226
SPECTACOR MANAGEMENT GROUP,"3719 TERRACE ST, Pittsburgh, PA 15213",15213
SPECTACOR MANAGEMENT GROUP,"3719 TERRACE ST, Pittsburgh, PA 15213",15213
SPECTACOR MANAGEMENT GROUP,"3719 TERRACE ST, Pittsburgh, PA 15213",15213
DARNETIA BARNETT,"2245 WILSON AVE, Pittsburgh, PA 15214",15214
SPECTACOR MANAGEMENT GROUP,"3719 TERRACE ST, Pittsburgh, PA 15213",15213
SPECTACOR MANAGEMENT GROUP,"3719 TERRACE ST, Pittsburgh, PA 15213",15213
SPECTACOR MANAGEMENT GROUP,"3719 TERRACE ST, Pittsburgh, PA 15213",15213
SPECTACOR MANAGEMENT GROUP,"3719 TERRACE ST, Pittsburgh, PA 15213",15213
SPECTACOR MANAGEMENT GROUP,"3719 TERRACE ST, Pittsburgh, PA 15213",15213
COEN MARKETS LLC,"2800 BROWNSVILLE RD, Pittsburgh, PA 15227",15227
Blinky’s Bar and Grill,"2350 NOBLESTOWN RD, Pittsburgh, PA 15205",15205
APPLE NINE HOSPITALITY MANAGEMENT INC,"3315 HAMLET ST, Pittsburgh, PA 15213",15213
SPECTACOR MANAGEMENT GROUP,"3719 TERRACE ST, Pittsburgh, PA 15213",15213
SPECTACOR MANAGEMENT GROUP,"3719 TERRACE ST, Pittsburgh, PA 15213",15213
SPECTACOR MANAGEMENT GROUP,"3719 TERRACE ST, Pittsburgh, PA 15213",15213
BUSINESS LICENSES - TRADER JOE'S #638,"6343 PENN AVE, Pittsburgh, PA 15206",15206
MUYA INTERNATIONAL MARKET INC,"1300 FEDERAL ST, Pittsburgh, PA 15212",15212
SPECTACOR MANAGEMENT GROUP,"3719 TERRACE ST, Pittsburgh, PA 15213",15213
SPECTACOR MANAGEMENT GROUP,"3719 TERRACE ST, Pittsburgh, PA 15213",15213
SPECTACOR MANAGEMENT GROUP,"3719 TERRACE ST, Pittsburgh, PA 15213",15213
SPECTACOR MANAGEMENT GROUP,"3719 TERRACE ST, Pittsburgh, PA 15213",15213
SPECTACOR MANAGEMENT GROUP,"3719 TERRACE ST, Pittsburgh, PA 15213",15213
SPECTACOR MANAGEMENT GROUP,"3719 TERRACE ST, Pittsburgh, PA 15213",15213
SPECTACOR MANAGEMENT GROUP,"3719 TERRACE ST, Pittsburgh, PA 15213",15213
SPECTACOR MANAGEMENT GROUP,"3719 TERRACE ST, Pittsburgh, PA 15213",15213
SPECTACOR MANAGEMENT GROUP,"3719 TERRACE ST, Pittsburgh, PA 15213",15213
SPECTACOR MANAGEMENT GROUP,"3719 TERRACE ST, Pittsburgh, PA 15213",15213
SPECTACOR MANAGEMENT GROUP,"3719 TERRACE ST, Pittsburgh, PA 15213",15213
SPECTACOR MANAGEMENT GROUP,"3719 TERRACE ST, Pittsburgh, PA 15213",15213
SPECTACOR MANAGEMENT GROUP,"3719 TERRACE ST, Pittsburgh, PA 15213",15213
SPECTACOR MANAGEMENT GROUP,"3719 TERRACE ST, Pittsburgh, PA 15213",15213
SPECTACOR MANAGEMENT GROUP,"3719 TERRACE ST, Pittsburgh, PA 15213",15213
SPECTACOR MANAGEMENT GROUP,"3719 TERRACE ST, Pittsburgh, PA 15213",15213
SPECTACOR MANAGEMENT GROUP,"3719 TERRACE ST, Pittsburgh, PA 15213",15213
SPECTACOR MANAGEMENT GROUP,"3719 TERRACE ST, Pittsburgh, PA 15213",15213
SPECTACOR MANAGEMENT GROUP,"3719 TERRACE ST, Pittsburgh, PA 15213",15213
SPECTACOR MANAGEMENT GROUP,"3719 TERRACE ST, Pittsburgh, PA 15213",15213
Korean Garden Restaurant,"414 SEMPLE ST, Pittsburgh, PA 15213",15213
Coen Markets LLC # 1236,"925 E CARSON ST, Pittsburgh, PA 15203",15203
Salems Market & Grill LLC,"2923 PENN AVE, Pittsburgh, PA 15201",15201
Charmaine B Dunbar Family Childcare,"6826 UPLAND ST, Pittsburgh, PA 15208",15208
UPMC Magee Womens Hospital,"327 CRAFT AVE, Pittsburgh, PA 15213",15213
Coen Markets # 1231,"1709 SAW MILL RUN BLVD, Pittsburgh, PA 15210",15210
Bakery Square Holdings LP,"6425 PENN AVE, Pittsburgh, PA 15206",15206
Barry Rudski,"369 COLTART AVE, Pittsburgh, PA 15213",15213
Allegheny General Hospital,"621 E NORTH AVE, Pittsburgh, PA 15212",15212
111 Juice Bar LLC,"4901 2ND AVE, Pittsburgh, PA 15207",15207
Smokeland BBQ Truck,"3959 5TH AVE, Pittsburgh, PA 15213",15213
Salem's Market Centre Ave LLC,"1850 CENTRE AVE, Pittsburgh, PA 15219",15219
The Shark's grill,"6326 PHILLIPS AVE, Pittsburgh, PA 15217",15217
Erica R Winstead's Family Childcare,"7116 MOUNT VERNON ST, Pittsburgh, PA 15208",15208
UPMC Children's Hospital,"3414 5TH AVE, Pittsburgh, PA 15213",15213
Bakery Square Holdings LP,"6425 PENN AVE, Pittsburgh, PA 15206",15206
Rosewater Middle Eastern Grill LLC,"808 LIBERTY AVE #1, Pittsburgh, PA 15222",15222
"Hospital Parking, LLC","39 MARION ST, Pittsburgh, PA 15219",15219
"Hospital Parking, LLC","39 MARION ST, Pittsburgh, PA 15219",15219
